{
    "questions": [
        {"id": 1, "question": "В конфликтной ситуации ухожу из дома \"проветриться\"", "strategy": "избегание"},
        {"id": 2, "question": "Составляю пошаговый план действий", "strategy": "решение проблем"},
        {"id": 3, "question": "В трудные моменты я отношусь к себе бережнее", "strategy": "эмоционально-ориентированная"},
        {"id": 4, "question": "Ищу возможности для роста в трудностях", "strategy": "позитивное переосмысление"},
        {"id": 5, "question": "Листаю ленту социальных сетей/ смотрю сериалы/ играю в видеоигры", "strategy": "избегание"},
        {"id": 6, "question": "Ищу ментора или наставника", "strategy": "поиск поддержки"},
        {"id": 7, "question": "Позволяю себе поплакать", "strategy": "эмоционально-ориентированная"},
        {"id": 8, "question": "Записываю все возможные пути решения", "strategy": "решение проблем"},
        {"id": 9, "question": "Извлекаю уроки из ситуации", "strategy": "позитивное переосмысление"},
        {"id": 10, "question": "Хожу по магазинам без цели что-то купить", "strategy": "избегание"},
        {"id": 11, "question": "Выражаю чувства через творчество", "strategy": "эмоционально-ориентированная"},
        {"id": 12, "question": "Делюсь переживаниями с близкими", "strategy": "поиск поддержки"},
        {"id": 13, "question": "Расставляю приоритеты среди задач", "strategy": "решение проблем"},
        {"id": 14, "question": "Стараюсь не думать о проблеме", "strategy": "избегание"},
        {"id": 15, "question": "Рассматриваю ситуацию как часть жизненного опыта", "strategy": "позитивное переосмысление"},
        {"id": 16, "question": "Веду личный дневник", "strategy": "эмоционально-ориентированная"},
        {"id": 17, "question": "Консультируюсь со специалистами по теме", "strategy": "решение проблем"},
        {"id": 18, "question": "Стараюсь увидеть более широкую картину происходящего", "strategy": "позитивное переосмысление"},
        {"id": 19, "question": "Убеждаю себя, что \"само пройдет\"", "strategy": "избегание"},
        {"id": 20, "question": "Делюсь проблемой в социальных сетях", "strategy": "поиск поддержки"},
        {"id": 21, "question": "Занимаюсь спортом для выплеска эмоций", "strategy": "эмоционально-ориентированная"},
        {"id": 22, "question": "Продумываю план Б на случай неудачи", "strategy": "решение проблем"},
        {"id": 23, "question": "Переоцениваю свои приоритеты", "strategy": "позитивное переосмысление"},
        {"id": 24, "question": "Притворяюсь, что ничего не случилось", "strategy": "избегание"},
        {"id": 25, "question": "Кричу в подушку", "strategy": "эмоционально-ориентированная"},
        {"id": 26, "question": "Корректирую план по мере выполнения", "strategy": "решение проблем"},
        {"id": 27, "question": "Прошу помощи в решении конкретных задач", "strategy": "поиск поддержки"},
        {"id": 28, "question": "Преуменьшаю серьезность ситуации", "strategy": "избегание"},
        {"id": 29, "question": "Ищу духовный или философский смысл происходящего", "strategy": "позитивное переосмысление"},
        {"id": 30, "question": "Нахожу поводы посмеяться", "strategy": "эмоционально-ориентированная"},
        {"id": 31, "question": "Ищу поддержку в релевантных коммьюнити", "strategy": "поиск поддержки"},
        {"id": 32, "question": "Ставлю конкретные сроки для решения", "strategy": "решение проблем"},
        {"id": 33, "question": "Размышляю о том, как эта ситуация может помочь другим", "strategy": "позитивное переосмысление"}
    ],
    "strategy_descriptions": {
        "избегание": "избегать конфронтации и стрессовых ситуаций",
        "решение проблем": "анализировать ситуацию и искать конкретные решения",
        "позитивное переосмысление": "находить положительные аспекты в сложных ситуациях",
        "эмоционально-ориентированная": "уделять внимание своим чувствам и эмоциональному состоянию",
        "поиск поддержки": "обращаться за помощью и поддержкой к окружающим"
    }
}